{"RbSr":{"0":4.3861898651,"1":3.4393948655,"2":4.8370739624,"3":0.2376390333,"4":3.2547572826},"SrSr":{"0":0.7213528996,"1":0.7167437014,"2":0.7235478987,"3":0.7011568771,"4":0.7158448466}}