{"RbSr":{"0":3.1091793537,"1":2.8742642646,"2":3.7300307122,"3":2.4176614136,"4":3.8801254875},"SrSr":{"0":0.7000004415,"1":0.7000004081,"2":0.7000005297,"3":0.7000003433,"4":0.700000551}}