{"207Pb\/235U":{"0":5.0,"1":3.0,"2":0.6594867287,"3":6.4118970227},"206Pb\/238U":{"0":0.3,"1":0.2,"2":0.0829799993,"3":0.3706080863}}